{"19.855": 35, "20.15832": 39, "25.12245": 24, "24.5020": 32, "24.12053": 18, "20.7048": 23, "23.7105": 32, "24.15960": 18, "20.7783": 24, "23.14188": 20, "23.7305": 36, "25.15867": 15, "22.10921": 39, "25.5206": 6, "25.3324": 15, "22.6342": 13, "24.6434": 7, "24.8627": 3, "15.9851": 4, "23.5974": 19, "24.2089": 21, "20.5542": 3, "18.15742": 22, "21.5285": 15, "23.10921": 13, "23.3140": 1, "23.10104": 7, "24.14954": 11, "24.9188": 3, "25.3779": 3, "22.8615": 6, "24.2498": 3, "25.14124": 6, "19.6380": 13, "24.15710": 3, "24.12502": 6, "21.15619": 6, "23.13897": 1, "23.2971": 8, "23.3844": 3, "23.4683": 3, "22.12710": 7, "21.5243": 9, "23.9400": 6, "23.9431": 4, "24.11282": 3, "22.5230": 4, "22.183": 5, "24.6694": 9, "24.2716": 3, "22.4388": 14, "24.13555": 12, "23.14527": 13, "24.16235": 4, "23.6813": 1, "25.15855": 6, "21.6291": 4, "23.3502": 4, "24.9812": 4, "23.6998": 5, "25.11533": 3, "23.8097": 6, "24.9151": 4, "23.12383": 3, "24.4255": 11, "21.4580": 3, "23.7947": 3, "22.16235": 1, "24.2187": 3, "25.3423": 3, "24.10657": 3, "24.10955": 3, "24.14017": 3, "24.5757": 3, "25.5183": 3, "24.13966": 3, "23.12739": 3, "23.9915": 6, "23.1099": 1, "24.14023": 3, "24.1678": 3, "23.5240": 1, "23.9105": 2, "21.4535": 3, "22.8647": 5, "24.8280": 3, "23.6253": 2, "23.6263": 3, "21.889": 1, "24.7958": 3, "25.1097": 3, "19.9865": 1, "13.9521": 2, "25.14168": 3, "22.6193": 3, "23.3128": 3, "20.7283": 2, "21.2768": 1, "23.12502": 2, "22.4197": 2, "24.10489": 3, "25.8186": 3, "23.9827": 3, "23.6089": 3, "25.14416": 3}