{"18.402": 23, "22.10566": 53, "24.9342": 47, "23.2592": 38, "24.3772": 43, "20.1454": 47, "21.11819": 30, "24.476": 9, "21.7092": 23, "23.10748": 48, "22.7130": 18, "23.10513": 23, "24.8126": 9, "24.4348": 24, "23.2557": 22, "23.13144": 15, "23.9634": 17, "24.1139": 9, "23.14147": 1, "25.11826": 12, "19.4951": 4, "20.1160": 8, "24.6795": 3, "25.12147": 3, "20.5234": 1, "21.4775": 8, "23.8606": 4, "23.1843": 9, "23.10442": 4, "24.3880": 5, "24.4602": 3, "23.15715": 3, "23.2876": 22, "24.358": 3, "17.10566": 14, "22.13022": 8, "22.6161": 2, "22.2896": 26, "23.1016": 1, "24.14434": 3, "23.8485": 9, "21.2629": 3, "24.10409": 3, "24.9875": 4, "21.10714": 3, "25.7069": 3, "24.2453": 2, "23.13348": 3, "23.660": 6, "23.15721": 1, "21.9827": 1, "22.9604": 1, "24.7441": 2, "24.10735": 3, "23.635": 4, "22.3652": 3, "24.9388": 3, "24.14300": 3, "23.5759": 5, "22.16355": 2, "21.10776": 1, "24.3023": 3, "24.447": 3, "22.478": 2, "22.2311": 3, "24.10042": 3, "23.1955": 3, "19.9104": 3, "23.2468": 9, "25.1405": 3, "24.4802": 1, "23.5621": 3, "21.16354": 2, "24.9506": 3, "25.4126": 3, "25.6275": 3, "25.11301": 3, "22.7798": 3, "23.4315": 3, "22.1828": 3, "23.9601": 4, "24.7544": 3, "25.10816": 3, "23.10248": 3, "22.13480": 6, "25.7660": 3, "24.13743": 3, "20.352": 1, "23.2467": 1}