{"21.9438": 58, "24.15582": 59, "25.11677": 33, "14.14335": 23, "17.13839": 17, "24.9590": 44, "19.3982": 10, "22.4400": 60, "23.11714": 30, "24.3321": 51, "25.14642": 30, "20.15255": 22, "24.406": 55, "25.6429": 15, "19.15088": 25, "24.2808": 15, "23.10930": 26, "24.3939": 51, "23.5535": 45, "25.11896": 21, "24.14132": 2, "20.12763": 45, "24.923": 6, "18.15383": 23, "23.11251": 10, "17.3437": 12, "19.16216": 5, "21.15198": 18, "23.3542": 19, "25.2516": 21, "20.13373": 28, "25.7403": 15, "25.2727": 9, "24.15096": 12, "23.15827": 4, "23.10960": 5, "24.11965": 1, "15.10137": 3, "23.10920": 5, "21.5854": 17, "25.15066": 36, "23.12166": 3, "25.4004": 6, "25.194": 9, "23.10389": 1, "20.3251": 3, "20.1194": 26, "22.5854": 1, "25.8098": 6, "20.6840": 2, "23.15224": 6, "25.10785": 6, "19.9555": 2, "22.13231": 6, "22.16176": 1, "22.14855": 3, "18.9239": 9, "25.4878": 3, "24.12916": 2, "25.1381": 3, "25.13864": 6, "22.1106": 4, "21.676": 1, "23.8736": 1, "19.15808": 2, "23.4219": 2}