{"16.13082": 50, "22.11933": 54, "23.4219": 30, "23.10329": 39, "24.406": 56, "23.13630": 44, "18.7639": 17, "24.15163": 41, "25.1383": 33, "25.12571": 3, "20.15693": 21, "25.10239": 33, "25.13194": 30, "25.13906": 15, "20.12983": 14, "25.3889": 21, "22.10588": 12, "24.4818": 4, "25.15850": 24, "13.1556": 2, "24.15955": 5, "25.8909": 3, "22.13782": 1, "24.8105": 6, "18.4603": 1, "25.8208": 6, "25.12396": 9, "25.13332": 3, "25.6769": 3, "23.5956": 1, "23.11056": 1, "22.2773": 1}